{
  "gamemode": "classic",
  "score": 1494.7421323762228,
  "multiplier": 1.1494742132376221,
  "grid": [
    [
      12, 12, 12, 12, 12, 12, 12, 12, 12, 12, 12, 12, 12, 12, 12, 12, 12, 12,
      12, 12
    ],
    [12, 12, 12, 12, 12, 12, 12, 12, 12, 12, 12, 3, 3, 2, 2, 5, 5, 1, 1, 3],
    [12, 12, 12, 12, 12, 12, 12, 12, 12, 12, 12, 3, 3, 2, 2, 5, 5, 1, 1, 3],
    [12, 12, 12, 12, 12, 12, 12, 12, 12, 12, 12, 3, 3, 2, 2, 5, 5, 1, 1, 3],
    [12, 12, 12, 12, 12, 12, 12, 12, 12, 12, 12, 3, 3, 2, 2, 5, 5, 1, 1, 3],
    [12, 12, 12, 12, 12, 12, 12, 12, 12, 12, 12, 3, 3, 2, 2, 5, 5, 1, 1, 3],
    [12, 12, 12, 12, 12, 12, 12, 12, 12, 12, 12, 3, 3, 2, 2, 5, 5, 1, 1, 3],
    [12, 12, 12, 12, 12, 12, 12, 12, 12, 12, 12, 3, 3, 2, 2, 5, 5, 1, 1, 3],
    [12, 12, 12, 12, 12, 12, 12, 12, 12, 12, 12, 3, 3, 2, 2, 5, 5, 1, 1, 3],
    [12, 12, 12, 12, 12, 12, 12, 12, 12, 12, 12, 3, 3, 2, 2, 5, 5, 1, 1, 3]
  ],
  "current_speed": 34.74983251075913,
  "current_tetromino": {
    "name": "I",
    "color": 5,
    "x": 0,
    "y": 0,
    "rotation": 0
  },
  "next_tetromino": {
    "name": "I",
    "color": 2,
    "x": 0,
    "y": 0,
    "rotation": 0
  },
  "frame_counter": 3
}
