{
    "gamemode": "classic",
    "score": 8956.077951664522,
    "multiplier": 1.7069169853679376,
    "grid": [
        [
            12,
            12,
            12,
            12,
            12,
            12,
            12,
            12,
            12,
            12,
            2,
            2,
            2,
            5,
            6,
            6,
            6,
            6,
            12,
            6
        ],
        [
            12,
            12,
            12,
            12,
            12,
            12,
            12,
            12,
            12,
            12,
            12,
            2,
            4,
            5,
            5,
            5,
            0,
            5,
            6,
            6
        ],
        [
            12,
            12,
            12,
            12,
            12,
            12,
            12,
            12,
            12,
            12,
            12,
            12,
            4,
            3,
            3,
            3,
            0,
            5,
            0,
            4
        ],
        [
            12,
            12,
            12,
            12,
            12,
            12,
            12,
            12,
            12,
            12,
            12,
            12,
            4,
            4,
            3,
            3,
            0,
            0,
            0,
            4
        ],
        [
            12,
            12,
            12,
            12,
            12,
            12,
            12,
            12,
            12,
            12,
            12,
            12,
            12,
            12,
            3,
            3,
            3,
            1,
            4,
            4
        ],
        [
            12,
            12,
            12,
            12,
            12,
            12,
            12,
            12,
            12,
            12,
            12,
            12,
            12,
            12,
            5,
            5,
            3,
            3,
            1,
            12
        ],
        [
            12,
            12,
            12,
            12,
            12,
            12,
            12,
            12,
            12,
            12,
            12,
            12,
            12,
            12,
            5,
            5,
            3,
            3,
            1,
            1
        ],
        [
            12,
            12,
            12,
            12,
            12,
            12,
            12,
            12,
            12,
            12,
            12,
            12,
            12,
            12,
            12,
            12,
            12,
            12,
            5,
            1
        ],
        [
            12,
            12,
            12,
            12,
            12,
            12,
            12,
            12,
            12,
            12,
            12,
            4,
            4,
            3,
            3,
            4,
            4,
            4,
            5,
            0
        ],
        [
            12,
            12,
            12,
            12,
            12,
            12,
            12,
            12,
            12,
            12,
            12,
            12,
            4,
            4,
            3,
            3,
            1,
            1,
            0,
            0
        ]
    ],
    "current_speed": 31.11285437596587,
    "current_tetromino": {
        "name": "I",
        "color": 2,
        "x": 6,
        "y": 9,
        "rotation": 0
    },
    "next_tetromino": {
        "name": "J",
        "color": 2,
        "x": 0,
        "y": 0,
        "rotation": 0
    },
    "frame_counter": 21
}